-1.52855913515,0.228306546279,0.885898162216,-0.934195334958,-1.48521652641,1
-0.571091878077,0.141758474762,0.8584933567,-0.534178674064,0.221302409385,1
-1.36146658005,0.274394633175,1.45283791376,-1.06505449486,-0.34614466905,1
-0.987959074859,0.244235652343,1.47581398482,-0.920824817831,0.36910621269,1
0.398076385474,-0.0775340456236,-0.399606752821,0.302569240322,0.138267631286,0
0.275648327291,-0.125782314846,-0.950286408466,0.445932798909,-0.8953905842,0
-1.38907242699,0.219903216954,0.921195785194,-0.889710068916,-1.17879255471,1
0.246175688891,0.0707946624133,0.862301214376,-0.202282356947,1.71796286511,1
-1.3478712461,0.250895109974,1.24437267782,-0.986342165276,-0.628086079328,1
-0.0535768415393,0.108909580514,0.973836622059,-0.36365119074,1.33520002828,1
-0.142499950121,0.00276651968482,-0.0904213830281,-0.0263660628304,-0.393033086461,1
-1.28491377969,0.26772980634,1.45302919026,-1.03390797745,-0.206197060122,1
-0.0989640654294,0.102785590696,0.879587125136,-0.349076867034,1.11371063074,1
-0.979934601481,0.165573634911,0.747415568786,-0.661893222708,-0.688052441415,1
-0.167787886076,0.131130387216,1.08825987543,-0.45038090546,1.29519620802,1
1.62977642716,-0.275429968722,-1.24359055026,1.10101171918,1.14355663313,0
-0.848295453319,0.212159082701,1.29007489969,-0.798686005468,0.350609401177,1
-0.267473696244,0.145293816335,1.13925387415,-0.508925139617,1.18836012277,1
-0.0775560634827,0.123566452043,1.09121175782,-0.414625842718,1.46416248384,1
-2.44272100691,0.488207745908,2.56828960946,-1.89743644538,-0.677504031521,1
-0.81271747084,0.17374540803,0.960201686811,-0.668397624998,-0.0698712048672,1
-0.272293760217,0.15258996353,1.20348957661,-0.533436486318,1.27408555402,1
-0.583321835971,0.137558848571,0.809277176575,-0.521890990811,0.126570613654,1
-2.32172182234,0.46124480765,2.41509883605,-1.79433196735,-0.68215994974,1
-0.995977812495,0.214427516462,1.19077140364,-0.82404762245,-0.0649482393453,1
0.625845768267,0.0103330939725,0.607185880965,0.0420670209731,2.03526055814,1
-0.381282796721,0.136028030713,0.959823228866,-0.492351534748,0.716699520384,1
-1.15771907154,0.186560505726,0.798438938131,-0.752291728004,-0.937331796561,1
-0.888419436009,0.222826847723,1.35700657454,-0.838538434821,0.375891852403,1
-0.640185188849,0.107690029103,0.483814103151,-0.430842567538,-0.456074579783,1
-1.15047672662,0.235796960939,1.26436844719,-0.912874777854,-0.238528504996,1
-1.03065542082,0.22002377848,1.21476343403,-0.846608011282,-0.0929125556787,1
-1.25115191808,0.213500233112,0.97390490223,-0.851974644864,-0.84960595189,1
-0.405288925227,0.157866735676,1.14427687887,-0.566880965646,0.944315289269,1
-1.33489017887,0.202204820825,0.800046822127,-0.825095858161,-1.25820431877,1
1.35063330245,-0.0759701005144,0.392219885058,0.413042687007,3.04128266026,1
-0.0769753950629,0.109977468665,0.964722535886,-0.369992779106,1.27909983646,1
0.942644385151,-0.0126733722933,0.650718317514,0.155959150833,2.67729693273,1
-0.70876921006,0.179970232325,1.10317467599,-0.676195661103,0.330153398379,1
-2.14932035962,0.347840522414,1.49621973829,-1.40152067923,-1.71970430814,1
-0.233484266884,0.143811930533,1.15314130134,-0.499940614826,1.27080646784,1
0.638936891523,0.00792697087466,0.595386641229,0.051546199189,2.04178261265,1
-0.352488529494,0.151349755729,1.12646933124,-0.539101872299,1.0144437145,1
1.80826433535,-0.205151359173,-0.441338982409,0.892207087808,2.64966725346,0
0.891382373215,-0.0118909459285,0.61620265848,0.147172178542,2.53298443336,1
0.0101751338773,0.11980385633,1.12763954991,-0.391640055164,1.67782450267,1
-0.903268275446,0.0707038386406,-0.0764069025643,-0.341480809752,-1.76038933827,1
-1.03533572884,0.188409119067,0.915566259678,-0.743501500132,-0.54170395369,1
0.302708063316,0.0533104965824,0.745071348564,-0.138085464539,1.64860551002,1
0.354288280169,0.0636116107652,0.883401081313,-0.165606325734,1.94625534597,1
-0.29917718135,0.111004778265,0.793020883808,-0.400328018625,0.621055844163,1
-0.879125990751,0.218281182455,1.3221187954,-0.822503903534,0.341511727129,1
0.948054735393,-0.217003370455,-1.25393943689,0.826678730873,-0.115432984308,0
0.404222314877,0.0531392533889,0.826299378595,-0.125204154154,1.95333503907,1
0.330232913014,0.077120942973,0.989992532869,-0.212827072663,2.05921127139,1
-1.5130565299,0.279689767805,1.37862483689,-1.10081585002,-0.731912289015,1
0.335900770813,-0.130515357073,-0.945346168698,0.468766172756,-0.778194191022,0
-0.729309799042,0.1453091158,0.762573406585,-0.565023649773,-0.208498049474,1
1.71933286906,-0.294087140582,-1.3448347619,1.17306306534,1.15797180362,0
0.533559653372,0.0112197304125,0.540171292828,0.0279596336933,1.76828154101,1
-1.21613484114,0.197930049387,0.857002671359,-0.796665400128,-0.957734625568,1
-0.95538103607,0.171267259144,0.8206454309,-0.677584609615,-0.535502103449,1
-1.09736828711,0.191698207563,0.895682600607,-0.761815725313,-0.684136495882,1
-1.44414582983,0.217934516585,0.857866312555,-0.889937772241,-1.37245668335,1
0.060781277061,0.0965139572739,0.951330877482,-0.309123525245,1.51072381544,1
0.0961602955356,0.105006103265,1.05954031434,-0.332678379259,1.73449511712,1
0.0484700166391,0.0133150280294,0.163951292161,-0.0377818955237,0.329676193371,0
-0.796827573507,0.187365654813,1.10042174421,-0.711134346638,0.165445218095,1
-0.857037737248,0.116336969423,0.387667870044,-0.485515814545,-0.993183487723,1
-0.0619712602748,0.0983536618666,0.868362582631,-0.330053724812,1.1646855571,1
1.4462556051,-0.29192979319,-1.54748892769,1.13284783494,0.361563496815,0
1.42666028316,-0.248938432728,-1.16180537017,0.989487420936,0.893325443629,0
0.650911474641,0.0437923826438,0.940250526979,-0.0646146476416,2.57107808754,1
0.608189227328,0.0354338881149,0.827298286223,-0.0423892520386,2.32693071042,1
-0.267441980548,0.00942704518486,-0.130134807758,-0.06337098221,-0.679418748262,0
-1.00771362901,0.182973258197,0.887316108027,-0.722323372745,-0.532877599412,1
-0.645869134135,0.166012044671,1.02408388192,-0.622788788366,0.32853312595,1
0.918900620432,-0.0349908321215,0.422831311055,0.226263653415,2.29865441284,1
1.66741682591,-0.212783792712,-0.627570384649,0.900143036291,2.11866969228,0
-0.906469803707,0.219001698577,1.30654014942,-0.828185144559,0.268701387849,1
-0.269066005102,0.149756465325,1.1796495715,-0.52375282576,1.24489512943,1
-0.949286992097,0.198741852842,1.0823151283,-0.766942959241,-0.139351076988,1
-0.856456582259,0.213294117393,1.29402075794,-0.803398577829,0.341526010359,1
1.47235876204,-0.19494816501,-0.620083291346,0.817982138396,1.77381439084,0
0.152598288835,0.0688528075516,0.767806205158,-0.20727093273,1.40819202078,1
-0.257103817406,0.122584204611,0.935537118942,-0.433194621325,0.907521188569,1
-0.547653796536,0.0699668925754,0.206862330638,-0.295906826447,-0.694775949278,1
0.0154366492973,0.0997384480271,0.944459768418,-0.325200669949,1.41788470009,1
-0.528006684054,0.0879470343106,0.390882853779,-0.352485053914,-0.388154690162,1
1.52270868382,-0.209912657191,-0.718816051225,0.873165919154,1.72039499869,0
-0.819483538925,0.226145300728,1.44425764779,-0.841054649646,0.63004664034,1
-0.735368255566,0.194006196605,1.21261104526,-0.725452102215,0.442654672218,1
-0.938852736452,0.220448271807,1.29363357395,-0.836858904097,0.190629273134,1
0.254134034015,-0.142712160928,-1.12601741048,0.498840172551,-1.19322082503,0
-0.884693508001,0.217733381242,1.31245796907,-0.821383162112,0.317138730951,1
-1.58315006281,0.32703482519,1.76378261762,-1.26458187237,-0.293055058996,1
-0.454450699522,0.147298185774,1.00542173857,-0.538189596051,0.650304653098,1
-0.904133058113,0.179772036933,0.941920761231,-0.699255033514,-0.263553048169,1
-1.77726875497,0.345398179151,1.77696675775,-1.34835935036,-0.627813635077,1
-1.49683848629,0.244670375218,1.06466843494,-0.984007917259,-1.16429325789,1
-0.927053962647,0.132659529438,0.483042951,-0.547539829927,-0.980584771665,1
-1.26829199792,0.201714914292,0.849808675038,-0.815406956888,-1.06347791714,1
0.771277275769,-0.189006003168,-1.13659477055,0.713412790948,-0.265286908556,0
-1.80099314068,0.261418407915,0.97297945161,-1.07584218631,-1.85412120625,1
-1.1166983837,0.221947848208,1.16253561247,-0.863359804217,-0.326743376485,1
-0.462202393786,0.128422282091,0.822737800624,-0.477230254958,0.367352609172,1
-1.27626649386,0.158977734213,0.444005054909,-0.67622594877,-1.67514498489,1
1.18720984684,-0.205244105924,-0.948939123585,0.817140183636,0.769683133696,0
-0.79631954418,0.105473504402,0.33571107552,-0.442522313408,-0.958858267614,1
0.821037405101,-0.15320633301,-0.761514959578,0.602053178185,0.37740720802,0
-0.918140722319,0.199288817505,1.11283847068,-0.76495672499,-0.0376130633793,1
0.205251467707,0.0464422819487,0.601383818804,-0.127389719898,1.25937316657,1
-0.914526160003,0.142477762731,0.584997264107,-0.578216564557,-0.807708267404,1
0.0157220057929,0.0853798629256,0.810539141221,-0.278079676773,1.2213483626,1
-1.6241678325,0.235643353925,0.876437084336,-0.969858110838,-1.673570528,1
-0.713957041827,0.168483096125,0.99161652641,-0.639155286201,0.15653672086,1
0.435536479563,-0.224508761033,-1.74223915057,0.789092176648,-1.76899949174,0
-1.96714417544,0.382349170326,1.9672789301,-1.49257663358,-0.694196295778,1
-0.724477312142,0.217025923512,1.43657245918,-0.799619377522,0.792071666216,1
-1.84868018823,0.345853062828,1.72295043269,-1.35851753591,-0.837581762561,1
-0.162516688717,0.119941725543,0.98802417679,-0.413050017646,1.1573217978,1
0.590453299937,0.0064226284947,0.541772492698,0.05059545668,1.87443678697,1
0.705085408074,-0.00277376351773,0.549380986737,0.09466507788,2.09477192425,1
-1.26101327444,0.22526564636,1.07578401547,-0.89175394512,-0.717687825624,1
-0.286243603853,0.0318401952268,0.0639324140012,-0.139152583304,-0.428161810238,1
0.0505758480007,0.0960721256762,0.938875948007,-0.308913147921,1.47377784593,1
-0.284424085186,0.0494633511721,0.230071617813,-0.196723694218,-0.180377358251,1
-1.30905022855,0.243275229736,1.20485452313,-0.956642846055,-0.615408204054,1
-0.877729538454,0.231422680963,1.44604031026,-0.865429579111,0.526403274903,1
-0.342441206991,0.144269725813,1.06851787906,-0.514664863755,0.947502048177,1
-1.38445271973,0.27665259861,1.45517931734,-1.07524867427,-0.384636302561,1
0.560544432278,0.0577260965432,0.996701688649,-0.121274648792,2.48927347497,1
-0.872473185073,0.191543047829,1.07773036395,-0.734013682023,-0.00595496210167,1
-1.85270681466,0.32828823404,1.55555535097,-1.30140555244,-1.09124091135,1
-1.67473857323,0.272779767398,1.18214378,-1.09777746423,-1.31600306407,1
-1.13398624639,0.195612732205,0.902378838656,-0.779096643603,-0.741090692505,1
-2.27829836327,0.369117280306,1.58977394061,-1.48694667322,-1.81735727008,1
-1.96596873643,0.394330963261,2.08018488903,-1.53172608827,-0.525916768237,1
-0.885952982338,0.108719567921,0.292905195162,-0.46404508336,-1.18537582639,1
-1.85766203721,0.353321033547,1.7853957941,-1.38409741995,-0.762083657258,1
-1.23675814773,0.200907454236,0.867993750831,-0.808932096991,-0.979187876933,1
-0.671359298993,0.0962002688374,0.351028594368,-0.396947277112,-0.708336629012,1
1.36624915815,-0.0429629598296,0.71334970967,0.306696923277,3.54229804009,1
-1.16540112185,0.270849094823,1.57968627326,-1.02963308282,0.198215912419,1
-0.111141454281,-0.128496499823,-1.29123654107,0.407892742158,-2.10275583074,0
-1.83162587659,0.315239090597,1.45083657168,-1.2560548868,-1.20686797471,1
0.929123767037,0.0235275481765,0.977914728551,0.0356039717865,3.13408115509,1
-1.01609019469,0.189799983997,0.944264130248,-0.745726953897,-0.464364226784,1
-1.30790582479,0.163535174275,0.460770290334,-0.695010985627,-1.7081999775,1
-0.223072177804,-0.0355887744371,-0.514518948874,0.0896349026723,-1.16406906709,0
0.111908219874,-0.107916493798,-0.91696412687,0.36747362846,-1.14509300461,0
-2.71542647845,0.467795845815,2.15507243912,-1.86359482221,-1.78306608816,1
1.07766881318,-0.131918350604,-0.353227702135,0.563387857609,1.44638896572,0
0.06334217474,0.0961307122627,0.949839686692,-0.307555953056,1.51320181859,1
-0.1043464882,0.127969892421,1.11049450297,-0.432317403381,1.44365841942,1
-2.10306127545,0.364540672755,1.68999455609,-1.45067178462,-1.3501781295,1
-1.30362841379,0.180649284841,0.624158895453,-0.750614485687,-1.45997860021,1
-0.937122998301,0.165796845588,0.784432082555,-0.657429593717,-0.555477351607,1
1.04893928922,0.00500530205131,0.902620265586,0.110885089616,3.24188591769,1
-0.93985603863,0.147437986011,0.610673773683,-0.597556741663,-0.816139571703,1
-1.48694859258,0.251409668014,1.13570361588,-1.00490796391,-1.04172529523,1
-1.84480259409,0.261709374047,0.939952764113,-1.08211306332,-1.98264600268,1
-1.1616852638,0.207808792667,0.993727339227,-0.822452947918,-0.657211573492,1
0.0916846874566,-0.0670963734697,-0.552079219108,0.231157161168,-0.645081278773,0
-0.230899181835,0.122007779472,0.951532536194,-0.428124150756,0.97886642097,1
-1.30766295525,0.226999602851,1.05392189585,-0.903101535408,-0.83496639535,1
-1.39348514356,0.195333274897,0.688036326316,-0.809672949286,-1.52992482383,1
-0.000242216956693,0.133654920254,1.24855142161,-0.438326341992,1.83673392304,1
-1.22047361263,0.192925377373,0.806703493728,-0.780780043026,-1.03966298039,1
-1.44216702598,0.221270108396,0.890645579307,-0.900636090286,-1.32061355349,1
-1.82880742323,0.330706048782,1.59764529556,-1.30643390971,-0.985704779032,1
0.23376859807,-0.167661708162,-1.37573976744,0.578186119284,-1.59782931584,0
-1.51148744883,0.284736637487,1.42705841245,-1.11717571577,-0.657782206592,1
-1.2114534944,0.249806551275,1.34550877512,-0.966216804017,-0.230383489981,1
-1.57271328182,0.291236703154,1.4378334075,-1.14592185122,-0.753630375168,1
-1.35774026368,0.282356584528,1.53026748141,-1.09071203789,-0.225412802772,1
-0.333715765251,0.145060721235,1.08302751725,-0.516199871161,0.984771259097,1
-1.21240500354,0.150930696546,0.420927069121,-0.642086937794,-1.59259139692,0
0.159961903523,-0.0912176762425,-0.721737503627,0.318544685937,-0.770156429917,0
0.899488475519,0.00293884067784,0.76137255778,0.099524351713,2.76138319699,1
-1.99934541829,0.424858978676,2.33817782586,-1.6358877373,-0.207187951933,1
-1.26878172555,0.238279800157,1.19103786846,-0.935374267801,-0.56227110921,1
-0.204064159153,0.136727112786,1.11095184702,-0.473136828066,1.26240225416,1
-0.689961853861,0.116879072748,0.529054100583,-0.46701724732,-0.480321018238,1
-0.451572569291,0.172755051024,1.24561568806,-0.621321455709,1.0089880304,1
-0.117253520533,0.10782515979,0.911749423622,-0.367822819864,1.12766765921,1
-1.28717629607,0.27757036858,1.54312434027,-1.06645288599,-0.0777547539321,1
-0.61727621378,0.181454051519,1.19168950362,-0.669958003677,0.627321855092,1
-1.70445739206,0.27181505596,1.14888208697,-1.09822053892,-1.41916611073,1
-0.493887539342,0.0682025303337,0.234246956159,-0.283595859738,-0.556387529109,1
-0.602189358774,0.172984499629,1.12486751015,-0.640352714446,0.55652200295,1
-1.81895395151,0.260954022967,0.953985997983,-1.07649904098,-1.91483750552,1
-0.764497328657,0.132750419678,0.616526093606,-0.528110046861,-0.487596377386,1
-0.868941544269,0.229409928326,1.43440533487,-0.857762614507,0.525316225443,1
-0.0751970235758,-0.0400701533076,-0.435733877091,0.122276867305,-0.778351433805,1
1.31225645662,-0.0472695970056,0.629058469431,0.314267211217,3.31976148208,1
0.658530300464,0.0252127749831,0.772876092052,-0.00276159205525,2.33869577337,1
0.121334687568,0.0789162834316,0.836321358898,-0.244066411859,1.45196972884,1
-2.79468760481,0.559377957055,2.94606063412,-2.17354077589,-0.763777114733,1
-0.589870106523,0.166191835032,1.07145465933,-0.616582347135,0.500403647255,1
1.79083882666,-0.406247809042,-2.33441776358,1.54955148034,-0.167687534852,0
-0.621621591277,0.132431617693,0.73012332103,-0.509725222557,-0.0597756882707,1
-0.675509128082,0.0980421259463,0.364851271341,-0.403490934183,-0.695568431173,1
-1.76370908316,0.353943376212,1.86786891468,-1.37473616729,-0.469317194781,1
0.206905397754,-0.0985858384344,-0.752276507558,0.348404283881,-0.729447231476,0
-0.400468473704,0.162829432869,1.19457689681,-0.582570217379,1.02712367793,1
-1.8884678547,0.287760307165,1.14772124421,-1.17284155699,-1.75659067261,1
-0.382840342239,0.134382330659,0.94317647657,-0.487143784837,0.689363073756,1
-1.22174929771,0.121831812845,0.141429536025,-0.547796474922,-2.02090501207,1
-1.39984857385,0.201945541535,0.744623205301,-0.832128936996,-1.45827000486,1
-1.41765088362,0.240972542624,1.09473038564,-0.962271357514,-0.975585524359,1
-0.970030689962,0.0929628408432,0.0770877163761,-0.422577423268,-1.6563344783,1
-1.8497828029,0.320842376646,1.48837385812,-1.27663336296,-1.1847601513,1
-1.57507056049,0.266684114991,1.20651316973,-1.06569219299,-1.09830630245,1
-0.804732625492,0.147634300726,0.722758467714,-0.581801969215,-0.40468816073,1
-1.03596187646,0.224223516243,1.24967226636,-0.861024276104,-0.0512274198524,1
-1.56652427651,0.270213074198,1.24645765239,-1.07622759606,-1.02393795763,1
-0.330630967697,0.118511780023,0.837495510215,-0.428763087722,0.629112235873,1
-0.583837628236,0.162852601292,1.04517796745,-0.604899838427,0.472744825171,1
0.392332569477,0.0551508926132,0.835393156323,-0.133243895439,1.94502388806,1
-1.14344233107,0.183762427673,0.783945004788,-0.741383318692,-0.932611747809,1
-0.722435297686,0.167125237207,0.972012320396,-0.635731354868,0.112222105497,1
-1.17705590925,0.177917521476,0.701909415892,-0.726295351524,-1.11464870529,1
-0.736102306537,0.211054994721,1.37130045589,-0.781449612037,0.6748183167,1
-2.41287249472,0.430222252056,2.05088044436,-1.7036611791,-1.3843867272,1
-1.42319804155,0.259764964524,1.26578348641,-1.0245708814,-0.734010614289,1
0.202967318911,0.0831170884415,0.942175897534,-0.247935266071,1.75666296629,1
-1.34399017726,0.229227769522,1.04509957058,-0.914817066323,-0.91422488456,1
-0.0478298931538,-0.0237743490301,-0.26115130699,0.0721590173422,-0.471532885567,1
-1.36601843045,0.202916634697,0.781299053933,-0.831207840468,-1.34258233919,1
-1.09915176951,0.156738178301,0.567592948245,-0.647387125399,-1.17015652059,1
-1.31864435946,0.225190788005,1.02806199085,-0.898502557903,-0.893052782508,1
1.36535989539,-0.0539423425208,0.610042851374,0.342593886593,3.38866518155,1
-0.707788916802,0.0268755046541,-0.326402270935,-0.174030441639,-1.77160320888,1
-0.863052783909,0.21419368671,1.29704350617,-0.807149065149,0.33393943242,1
-1.17889038368,0.228090290573,1.16918098387,-0.891050433079,-0.430430778516,1
-0.42455374474,0.0373660217406,0.00271003269513,-0.174058815454,-0.770586081605,1
1.08960174619,-0.0268628509527,0.638050954372,0.220325675803,2.92677279769,1
-0.0764969367463,0.0136826602128,0.0654225057708,-0.0541534430683,-0.0432985599819,1
0.700115518021,0.0367076801526,0.914204348176,-0.0354102643146,2.62252247612,1
-0.646537612581,0.181796350147,1.17101253473,-0.674631667216,0.543511085175,1
-1.58521821511,0.291186931422,1.42716530407,-1.14727623014,-0.792142439311,1
-0.846213924615,0.216367959029,1.33109715215,-0.812235634221,0.414769053875,1
0.176557042046,0.113693213273,1.20630238548,-0.351409239628,2.09712677397,1
-1.72354818526,0.281891598847,1.22745141972,-1.13358157933,-1.33838563834,1
0.870484238531,-0.00225847807971,0.689148306882,0.113048062662,2.60219256866,1
-0.895804861092,0.125187940048,0.438732177953,-0.519245729742,-0.988773497585,1
0.139053325776,0.0774643772802,0.837213150599,-0.23715481987,1.48560858249,1
-0.578623940914,0.102270238576,0.483405882006,-0.40559829159,-0.344360319393,1
-1.93430037701,0.362987094626,1.81317550539,-1.425096319,-0.86102953344,1
0.162281056198,0.0799654584278,0.879533035444,-0.24253774678,1.59025765279,1
-0.596254071702,0.161093330669,1.01861007452,-0.600637488254,0.410998525967,1
0.87790420212,-0.0109072695579,0.614396058133,0.142310683017,2.50573597525,1
-0.224208548802,-0.058069334446,-0.725483886486,0.163217891408,-1.47656579658,0
-1.06297463823,0.165760803626,0.681409897529,-0.672584730872,-0.93667795726,1
-0.0682549780473,0.0914330964451,0.798576123907,-0.308121582834,1.05053428099,1
-1.38241422444,0.293309940957,1.61247351266,-1.12962600059,-0.149467291621,1
-1.3411701408,0.180145427151,0.588820094578,-0.753518232827,-1.58047044209,1
-1.46024619945,0.291409106125,1.53120883575,-1.1328382324,-0.411043800957,1
0.20397195328,0.0695305634135,0.816055568382,-0.203258811744,1.57291662602,1
-2.24887789622,0.389074139957,1.80023742375,-1.54882109436,-1.45399570662,1
-0.151660170942,0.11523832999,0.952938059701,-0.396308544472,1.12550156435,1
-0.321404652628,0.164886187125,1.27830343533,-0.579719798298,1.29457011524,1
-1.88662434002,0.345758346216,1.69110592274,-1.36281182483,-0.953666145221,1
-0.795400964659,0.209375186928,1.30722264117,-0.783137462054,0.472344309327,1
-1.02357774619,0.248748945421,1.48891990979,-0.939948014666,0.323406666482,1
-1.61437560102,0.289673170814,1.38923188581,-1.14585066277,-0.901155374895,1
-0.541651778049,0.0571439633858,0.0919538293666,-0.253127963923,-0.85290725347,1
-0.636152369325,0.20798811863,1.42419798411,-0.759262446302,0.935007044793,1
-0.77999180816,0.139383870784,0.665860653677,-0.551743647506,-0.443272024222,1
-0.880415674234,0.137872997196,0.569806138727,-0.558976433575,-0.767828578029,1
-0.0229575559876,-0.0337799317289,-0.334340349164,0.107989003786,-0.533848459101,1
-0.500667581403,0.1256751271,0.76568621205,-0.472889588537,0.213226775039,1
0.654532328878,-0.00261418762322,0.509624419502,0.0880066661027,1.94404111892,1
-1.87822129158,0.327279501492,1.52531279081,-1.30119402982,-1.18229088882,1
-1.77576321092,0.343011479065,1.75589603039,-1.34034988998,-0.656071291814,1
-0.635820724009,0.178744912237,1.15124686859,-0.663324433362,0.533979320614,1
-0.936629358963,0.217087978752,1.26405218432,-0.825569606929,0.151158283115,1
0.519257735965,0.0305585711881,0.709186407529,-0.0371942471665,1.99088511266,1
-1.63894072258,0.338472488082,1.82512468604,-1.30886034628,-0.304580357147,1
-0.846255757033,0.0709208543271,-0.0278613938207,-0.335273445145,-1.58494120805,1
0.241032787504,-0.003290123028,0.165924673826,0.0400410502564,0.683899553895,0
1.6625692869,-0.253924031792,-1.0159022911,1.03446665439,1.53841625752,0
-1.38102003828,0.288818340952,1.57164567041,-1.114727419,-0.206999639513,1
-2.56965097771,0.487816752751,2.46107124924,-1.91155845082,-1.06684643414,1
-0.521856916689,0.147947505649,0.956490001212,-0.548499327435,0.455325506256,1
0.19100353846,-0.10902671843,-0.862801236301,0.380713400018,-0.921090409613,0
-1.09908396829,0.170111696946,0.692598167541,-0.691234913549,-0.986094407406,1
0.0519625707466,0.106104644634,1.03374206939,-0.341644672583,1.61589820395,1
-2.83117160923,0.476099326123,2.13821325417,-1.90487137846,-2.0190437618,1
-0.386209092535,0.0453051085189,0.108171924609,-0.195440103873,-0.5454470164,1
-2.54570908481,0.447669020956,2.10550242513,-1.77699569965,-1.54636611355,1
-1.80195472697,0.27480523796,1.09726913789,-1.11985855303,-1.67299001912,1
-1.17569845167,0.218996629601,1.08682252763,-0.860842057394,-0.545793293573,1
-1.89598130659,0.317484479758,1.41930625473,-1.27122839353,-1.37067588864,1
0.262513363707,0.067571713748,0.845519246429,-0.189730547328,1.72307625029,1
-1.04633391043,0.203516469985,1.04774181133,-0.79437804065,-0.367280330069,1
0.431923340213,0.02708873902,0.605509199511,-0.0364144501419,1.67899316003,1
-1.02345343727,0.0965356525658,0.0668798631357,-0.440777182089,-1.7688214939,1
-1.18014382737,0.244683075181,1.32318603704,-0.945615563128,-0.206107514442,1
0.59070100278,0.078713454972,1.21739381258,-0.186439069458,2.86902890787,1
-1.66889921028,0.214584696518,0.643186865117,-0.906228673907,-2.09839541112,1
-0.0020352987913,0.124000254916,1.15688405972,-0.406883235053,1.69857898781,1
-1.4191993522,0.272395635376,1.38705552501,-1.06550558382,-0.548269996451,1
0.76171304366,-0.0155439212894,0.476272216782,0.143414801065,2.09051017195,1
-1.29026804609,0.181770135211,0.645532145742,-0.752668698561,-1.40415380132,1
-0.238071180068,0.144522521731,1.15603783904,-0.502827536002,1.26670000851,1
-0.769039169268,0.130593848887,0.592671273845,-0.521589162959,-0.530983778884,1
-1.89292117827,0.290575433639,1.17038962933,-1.18261370555,-1.73136020216,1
-0.0611631579992,0.105696295444,0.937624770214,-0.354034481985,1.26807545288,1
0.388606304386,0.0419228322895,0.708761935776,-0.0903171017894,1.75189454636,1
0.0745098359088,0.0914839570347,0.915536634409,-0.290962461201,1.48310148573,1
-0.0697511272169,-0.0303261669479,-0.340251560427,0.0909841532092,-0.627918650334,1
0.375489611475,0.088329627228,1.13164225453,-0.244091565411,2.3502093978,1
-1.08392361751,0.227727361164,1.24327581958,-0.878335124228,-0.148142867152,1
-1.72121194374,0.326637613383,1.64742335733,-1.28003445129,-0.716157327368,1
0.595513440787,0.0632437815743,1.07678595181,-0.135125059039,2.67091206648,1
-0.0982691741624,0.0978942333587,0.834453744964,-0.332952220441,1.04856709377,1
0.814342522687,-0.0170363236946,0.5052702605,0.154695965893,2.22919866366,1
-0.421859469093,0.136100554512,0.927393321845,-0.497513740282,0.594950876112,1
0.115698396699,0.0720159959394,0.767252610057,-0.222122196052,1.34005571691,1
-2.01333216893,0.332412238863,1.46302810254,-1.3344229358,-1.52044141613,1
0.818514521504,0.00757081145469,0.738580810021,0.0745076648382,2.58011407888,1
0.118988677976,0.0773547708616,0.819817850087,-0.2392304273,1.42340555015,1
-1.49496940333,0.247653228984,1.09406251679,-0.993562810891,-1.11763142377,1
-2.30034333211,0.406762919759,1.92351325445,-1.61307405833,-1.3664977052,1
-1.05400730514,0.198229117506,0.992080725646,-0.777970373714,-0.463182269543,1
-1.56384750681,0.264299397983,1.19338972505,-1.05650992069,-1.09714092871,1
-0.0138357602577,-0.0789955697959,-0.749351124719,0.257372465654,-1.12787216251,0
-1.31865602413,0.223768533049,1.01476422684,-0.893839947663,-0.91264100398,1
0.664519556957,-0.197851289888,-1.3063432642,0.729463200612,-0.709835910954,0
-0.118436574274,0.131077332397,1.12803112643,-0.444217656382,1.44375606462,1
-1.40379425366,0.276072682451,1.43397988011,-1.07569422968,-0.451117636745,1
0.37116611284,0.0825478131189,1.07409463508,-0.225655858968,2.25764321762,1
-1.24297737314,0.256340535943,1.38083523171,-0.991469547344,-0.235916014489,1
0.868355261331,-0.102839505757,-0.252325697091,0.442626835437,1.21298033727,0
-1.36964189174,0.263349219296,1.34296925442,-1.02982522776,-0.522725837422,1
-1.28612217987,0.177554212612,0.609525143757,-0.738340207425,-1.44957226261,1
-1.38154981345,0.276161047932,1.45295527089,-1.07328442729,-0.382612681954,1
-1.08331157216,0.158539151105,0.597343992967,-0.651370724177,-1.09747994492,1
0.614573669847,0.0517374285983,0.984832846274,-0.0950789263445,2.57038233437,1
-1.71939491893,0.322591965631,1.61110708855,-1.26654697321,-0.766279694444,1
-0.344002307999,0.0198910217634,-0.0948364533062,-0.106977032127,-0.767159018988,1
-0.483866631247,-0.0164261013266,-0.548269093495,-0.00485555400247,-1.6895349721,1
-1.72016521611,0.265055111619,1.07290696476,-1.07795883217,-1.55961740693,1
1.69893777199,-0.259988524097,-1.04288940821,1.05876772357,1.5650583727,0
-0.240250182447,-0.0324433805794,-0.499147227686,0.0772354376445,-1.17279068719,0
0.837339569996,-0.0138968169156,0.55336678918,0.147191442848,2.34192688469,1
-0.810613156501,0.128256962308,0.536916311309,-0.518971180315,-0.688873523054,1
-1.60413045592,0.263370421967,1.15184237786,-1.05835224396,-1.23176951159,1
-0.222470960305,0.127290435648,1.00776562567,-0.444424811392,1.07698717091,1
-0.365384993197,0.00524081251735,-0.24916123622,-0.0615293399966,-1.03325105579,1
-1.34400660904,0.214457543125,0.907086708006,-0.866382795524,-1.11733332016,1
-1.70992017685,0.271628219735,1.14267924037,-1.09827080606,-1.4382597986,1
-2.14001235067,0.406259779871,2.04963035955,-1.5919663665,-0.888408610735,1
-0.0553038034067,0.103721919033,0.923958798178,-0.346848784342,1.25865676826,1
-0.528872576169,0.0527515854084,0.0613423405425,-0.237173079627,-0.874635487712,1
-1.46959635169,0.218513908372,0.842513912824,-0.894926452302,-1.44147991344,1
-0.566646785671,0.175439420459,1.17680409771,-0.64408974013,0.697789248841,1
-1.44461079888,0.247556784482,1.13425024917,-0.987135028424,-0.966620990187,1
-0.983473088006,0.207267602716,1.13407864478,-0.799050419626,-0.125554418817,1
-0.882031364295,0.133505374814,0.527680797853,-0.544849691991,-0.832761469968,1
0.140687897644,0.0930066879721,0.983759941257,-0.287924623207,1.70422643431,1
-1.45643482124,0.25693231567,1.21219910791,-1.01931533488,-0.873495708668,1
0.0372111473952,0.133638550556,1.2789575974,-0.433727327639,1.94980646154,1
-0.675612704613,0.177662873306,1.10867003509,-0.664605230855,0.398731648011,1
-0.880811989048,0.119652016374,0.399242634253,-0.499272145218,-1.01952659586,1
-0.791463815219,0.209113098703,1.3079863459,-0.781800179815,0.480651160911,1
0.0802175318157,0.0727052860793,0.744742996734,-0.228688548177,1.24220125382,1
-1.08565719222,0.264247514865,1.5830721913,-0.998306697199,0.348686294183,1
0.178247827718,-0.0552704991674,-0.37096009972,0.202881647799,-0.220644856448,0
-0.482642583523,0.045281483352,0.0292687405129,-0.207065778892,-0.837486106732,1
-0.424635072839,0.160782463206,1.15573376737,-0.578790407224,0.925877553346,1
-2.08470927352,0.369155569305,1.74808576775,-1.46357830126,-1.23121789007,1
-1.48380353075,0.265881759486,1.27348370506,-1.05198486564,-0.833251368553,1
1.25216716803,-0.0512137462936,0.543179628698,0.319908905602,3.08376598545,1
-1.50064592086,0.263100933077,1.23376009283,-1.0449096415,-0.922430480214,1
-1.80083973919,0.305127574284,1.38148299769,-1.21915981275,-1.25275047798,1
-1.28670934245,0.225618018663,1.05811020667,-0.896027955599,-0.790574868242,1
-0.497415496662,0.150410907187,0.999448121467,-0.553611397805,0.563128011894,1
-1.24067298221,0.210566711254,0.955046784143,-0.841082973103,-0.858236439575,1
1.01248327022,-0.157014376006,-0.64088844221,0.637774793442,0.904184505206,0
-1.22014500847,0.179455068806,0.681117395013,-0.736566742294,-1.22385660751,1
-0.0867262471749,0.093875341384,0.806323059945,-0.318372149484,1.02823371602,1
-1.62259021797,0.28283510507,1.31864076041,-1.12442339699,-1.02001348833,1
0.0309081098417,0.0875997931993,0.843670849699,-0.283516550836,1.29780604659,1
-1.15024821356,0.242903233398,1.33094939209,-0.936150770657,-0.140141339694,1
-0.887815790588,0.116468552526,0.363784692787,-0.489682535827,-1.08447906817,1
-1.20848640589,0.233457217389,1.19517650719,-0.912242058635,-0.446176003546,1
-1.26690654431,0.235001671565,1.16194004637,-0.924396671039,-0.601665819676,1
-1.39776467745,0.235283925972,1.05780681015,-0.941203190142,-0.993635334268,1
-0.125802402069,0.0797970667812,0.64290537384,-0.27694728875,0.71648125242,1
0.339048990405,0.0765408785236,0.991766196331,-0.20985493963,2.07790554438,1
-1.99439218904,0.386212827883,1.98114508139,-1.50855360778,-0.723505429315,1
0.152843782708,0.122173191176,1.26618329502,-0.382095617795,2.14197482115,1
-1.30042995004,0.215637464069,0.953666073303,-0.864963676425,-0.969291211859,1
-1.97484009892,0.383251349001,1.96942876775,-1.49646913984,-0.705073693253,1
-1.82773386551,0.337780685637,1.66462015905,-1.32950360486,-0.885196248738,1
2.0194116433,-0.292384235064,-1.08408273666,1.20389619798,2.08913065935,0
-1.53752368232,0.29101703899,1.46449312486,-1.14093089978,-0.650200655465,1
-0.299763120385,0.180330300326,1.44025692868,-0.627739540099,1.57235963797,1
0.0295608210735,0.0876866344537,0.843382928798,-0.283964837598,1.29492433615,1
-1.83301722989,0.282866510811,1.14724162304,-1.15006376706,-1.6561299519,1
0.368598891802,0.00782264961682,0.373836549782,0.0190801354088,1.22256760322,1
-1.36611840634,0.230290855271,1.03697710405,-0.92098873976,-0.966548328303,1
-1.75296719643,0.289606660103,1.27553018636,-1.16245200171,-1.32131361975,1
-1.04659443633,0.160478791687,0.645424628812,-0.653275437521,-0.959743601495,1
1.66931813352,-0.311335117086,-1.54679229331,1.22355488165,0.769553236151,0
0.873173025908,0.00912813916746,0.797728267857,0.0760340378087,2.76686764092,1
-2.19802155132,0.346408663664,1.44310526508,-1.4027355265,-1.88671188745,1
-1.65679746183,0.30476179327,1.49559310473,-1.20047935823,-0.822046829559,1
-0.153513645483,-0.0876049316158,-0.943755724156,0.268654017711,-1.66876222924,1
1.95886471834,-0.271213890307,-0.935688164426,1.12712394869,2.19702087778,0
-1.59177755897,0.250326264688,1.04004876174,-1.01407716288,-1.3737306205,1
-1.39282519905,0.277905407216,1.46005310113,-1.08037311415,-0.392739897726,1
-1.79113519836,0.345971993579,1.77101398224,-1.35192389901,-0.661871345839,1
0.0142246039402,0.0970788588219,0.918622067394,-0.316626125561,1.37765461496,1
-0.974544935755,0.223830285689,1.2961098699,-0.852281200374,0.129154655648,1
-0.932696439452,0.115425089953,0.317416312077,-0.491707397229,-1.23458977814,1
-1.41928657632,0.282549576308,1.48185347258,-1.09881416761,-0.408939083294,1
-0.905395349337,0.176539748152,0.910691283537,-0.688808523096,-0.311808511488,1
-0.625311819646,0.19779818212,1.3378376291,-0.7245308001,0.827710412805,1
0.268209411596,0.0644653913846,0.821144163133,-0.17885265815,1.69760174449,1
-0.295111907184,-0.116645232384,-1.33061517023,0.346702053119,-2.49634280117,0
0.97734270298,-0.239007159385,-1.435625898,0.902390527496,-0.329340574662,0
-1.48913311897,0.296142116292,1.55186019732,-1.1518649873,-0.433358953886,1
-0.575118796173,0.129940473879,0.74479112879,-0.495912400496,0.0466488565026,1
-0.789767093062,0.120243013394,0.479050133918,-0.490161021593,-0.73598803398,1
0.272595058368,0.0611133952007,0.793404540435,-0.167328156484,1.66478575005,1
-0.376626224234,0.15816893409,1.17048694507,-0.564393470518,1.03517542286,1
-0.321061205228,0.154850248819,1.18481705498,-0.546767087398,1.15763656681,1
-0.0804009430428,0.0724351523511,0.611166558896,-0.24729532029,0.752611639873,1
1.05509871046,-0.0466061751736,0.425435557998,0.2808830269,2.55097195783,1
0.484178059466,-0.175656474089,-1.24612030571,0.634793139598,-0.950243717265,0
-0.355527876871,0.152260923696,1.13250257133,-0.542458736148,1.01777618725,1
-0.985596043013,0.193440875014,1.00316220509,-0.753965828043,-0.322064082022,1
-2.73841539361,0.483268507124,2.28087758236,-1.91712452463,-1.63989257545,1
-0.263864717817,0.0304436692384,0.0691440377641,-0.131857033706,-0.379664204955,1
-0.470011379608,0.165899242212,1.16651661739,-0.601076810861,0.858957486679,1
-0.284412369122,0.154830341392,1.21453374313,-0.542254109099,1.26822674633,1
-1.12865137603,0.154178350405,0.519606809998,-0.642572702882,-1.29458585118,1
-1.27769744632,0.220625321216,1.01881604582,-0.87856163252,-0.831952415795,1
-1.70981033278,0.316028325641,1.55760275251,-1.24385952889,-0.827521905797,1
-0.557607669362,0.175584962177,1.18553914296,-0.643470032293,0.727133739934,1
-1.96585004554,0.303612823309,1.23269459413,-1.23421808129,-1.77273631858,1
-2.21969601311,0.45024080221,2.39553285858,-1.74586450538,-0.524810039456,1
-3.48717768205,0.567009751096,2.45234547078,-2.28260831242,-2.75366034051,1
-0.148035021614,0.132700785698,1.11904908618,-0.453133537271,1.37653882361,1
-2.07156826714,0.34022216917,1.48848067001,-1.36710169993,-1.58923773322,1
-0.83694441481,0.202262322553,1.20687023622,-0.764853824877,0.24888755581,1
-0.451486056441,0.158051369006,1.10830855022,-0.573092911728,0.807105847069,1
-1.48205349383,0.220014993073,0.846374584189,-0.901360782255,-1.45852647973,1
-1.20102445246,0.203841537573,0.924563134856,-0.814217254219,-0.830755030478,1
-0.837450996519,0.106858999681,0.315095711806,-0.452057497554,-1.06423461488,1
2.52594011102,-0.405183414181,-1.72468585323,1.63527273831,2.07064973671,0
-0.715855616429,0.107918862134,0.424210750074,-0.440776331915,-0.681834005353,1
-1.02371241715,0.13386469404,0.415436898812,-0.56322239852,-1.25641117681,1
0.219289912181,-0.157176911565,-1.28959295471,0.542046009685,-1.49748446881,0
-0.577167450021,0.0137503329149,-0.342454582955,-0.115136638104,-1.55691200707,0
0.527314196723,0.0184738775363,0.60285157225,0.00341303319575,1.84911770498,1
-1.68525881859,0.309740138732,1.5188838815,-1.22025899929,-0.839701811256,1
-0.154643479223,0.113585881298,0.935064939485,-0.391251693921,1.09375936203,1
0.668639174366,0.0141081808995,0.677373022934,0.0348807108926,2.21661123233,1
0.0607619514932,0.0640565164974,0.648062536643,-0.202687610336,1.06444560918,1
-0.206888245216,0.0230985954018,0.0470069035653,-0.100855549538,-0.308287521334,1
-0.0475546834498,-0.0247993671075,-0.27050358591,0.0755537766684,-0.484792153582,0
0.370334057856,0.0316072050044,0.597473396414,-0.0587063988119,1.55480282785,1
-0.116242705043,0.105463237184,0.890506533146,-0.35995465287,1.09825407012,1
-1.86958044185,0.308305985336,1.35509193039,-1.23792519051,-1.41699694054,1
-0.963480042995,0.113046049966,0.270071645633,-0.487641661331,-1.360417796,1
-1.26854179744,0.231218458096,1.12525892465,-0.912188766117,-0.658623529513,1
0.258204123704,0.0817218458663,0.974209094723,-0.236656294653,1.90457443707,1
-0.403222819957,0.146068776643,1.03573335094,-0.527940967557,0.788368852846,1
0.873419375261,-0.0335646393582,0.399047084591,0.216067119289,2.18067931017,1
-1.1782610505,0.233285108025,1.21823008439,-0.90800951418,-0.3571095001,1
-1.21240770708,0.246420949126,1.3130982467,-0.955230142004,-0.27981473404,1
0.884646385858,-0.247189257197,-1.58770511968,0.917972618967,-0.722235985805,0
-0.80928801478,0.106323578062,0.333072091062,-0.446883826047,-0.986401614817,1
-1.78527486576,0.298697169938,1.33410295653,-1.19618352395,-1.29407043273,1
-1.96103500039,0.333928474918,1.51986496571,-1.33304838148,-1.34139588976,1
-0.633342168761,0.173613949348,1.10533016901,-0.646197578932,0.47093736329,1
1.3003993693,-0.200091275379,-0.808441689076,0.81397907331,1.18292523958,0
0.171681036607,-0.16549711159,-1.40617452667,0.563552785203,-1.75588758093,0
-0.112031193204,0.0983081059644,0.827091822076,-0.335979596122,1.01262641509,1
-3.16444748546,0.615394767998,3.1677342024,-2.40211168209,-1.11220197069,1
-1.841223959,0.323705513863,1.52210775843,-1.28498379992,-1.11950742738,1
-0.00486780867181,0.116946315411,1.08866740106,-0.384094879174,1.59303411667,1
-0.778841208901,0.0875250308013,0.182277994447,-0.381542398798,-1.15273852957,1
-1.75864007377,0.321862156774,1.57226733853,-1.26891648236,-0.895030799001,1
-1.67852191322,0.322765792593,1.6460804569,-1.26215666714,-0.640247841467,1
-1.89584818167,0.282500148102,1.09255335004,-1.15648749926,-1.85123222232,1
-1.56610315056,0.265470298676,1.20248911265,-1.06062342055,-1.08786696394,1
-2.53357716378,0.415362090439,1.81355481453,-1.66957868281,-1.95381723152,1
-2.35450809357,0.370929109158,1.54452061901,-1.50213703349,-2.02298532769,1
-1.20259697712,0.223815406654,1.10989759589,-0.879908758052,-0.560914383322,1
-1.77342221373,0.308971923726,1.43977170669,-1.22843927047,-1.11696010865,1
-0.714939168255,0.15652301892,0.879071187846,-0.600053583919,-0.0108594857062,1
-0.141958646543,0.133561514194,1.13204880778,-0.455218711789,1.40675320509,1
-0.95627529481,0.195575022696,1.04702524276,-0.757406016107,-0.204027987387,1
-1.85454967805,0.355959160184,1.81258348123,-1.39237096005,-0.716400128051,1
-0.504086301204,-0.0521442008567,-0.898483997447,0.109821587082,-2.24174686461,0
0.413170443872,0.0664815078178,0.958258171105,-0.167871702181,2.16383060315,1
-1.49785382999,0.283684136792,1.42834881503,-1.11206965831,-0.631009700152,1
0.822164958342,-0.183270145404,-1.0414836645,0.70077881014,-0.0324944311347,0
0.00908708046894,0.121745974055,1.1448971481,-0.398140922155,1.70123303376,1
0.308188666273,0.078297167385,0.982995653543,-0.219359571642,2.00869728922,1
0.274487726532,-0.161652687454,-1.28637325012,0.563422296674,-1.39204162855,0
-1.12334465141,0.107227078766,0.0852670552529,-0.487960543385,-1.92401147776,1
1.81908592058,-0.283327504273,-1.16291562056,1.14988481013,1.60764964503,0
-2.57847466485,0.478153784994,2.36358987372,-1.88094135048,-1.22638330836,1
-1.12156426963,0.153729534398,0.521196028716,-0.640240802767,-1.27931738621,1
-0.870175250382,0.217287120357,1.32013431919,-0.818157798011,0.354921785821,1
-0.865974684493,0.0950035628231,0.181056200661,-0.416641382691,-1.31350631878,1
-0.911417605105,0.163682150495,0.785647971391,-0.647375235204,-0.506790234101,1
-0.135308245955,0.11909749467,1.00233649369,-0.406979505148,1.22802182729,1
0.888007955012,-0.00588425627958,0.669570389546,0.12706481609,2.60535573006,1
-0.66979994033,0.0689834199299,0.0980116270751,-0.307505339107,-1.07779244111,1
-1.03947713237,0.256198993771,1.54555363263,-0.966308636506,0.377732613738,1
-1.14070652165,0.189050193453,0.835581254959,-0.758391565353,-0.851640474681,1
-0.699631396358,0.218883077432,1.47419639545,-0.802694279815,0.89276318797,1
-1.22609922032,0.192106896781,0.794466289998,-0.778778707771,-1.0679329591,1
-0.0769522364016,0.114666360894,1.00855014225,-0.385366335886,1.3436320385,1
-0.350095826256,0.107065827645,0.714673167935,-0.393590424813,0.412873299024,1
-1.22833040302,0.220270644679,1.0557820557,-0.871407360833,-0.687491618441,1
-1.21900670869,0.232027288444,1.17323278869,-0.908829609198,-0.497658681403,1
-1.21510648647,0.308007520898,1.88630471612,-1.15751960065,0.558703791638,1
0.0368017397015,0.0850327795113,0.824495784257,-0.274383247637,1.28034356248,1
-1.07306043522,0.174566320436,0.755451325207,-0.702684828398,-0.8461309574,1
-1.39721133239,0.257536214325,1.2661632815,-1.01410835951,-0.686040518773,1
-1.51245613137,0.305233037137,1.61776760971,-1.18450748119,-0.378931251013,1
-0.0753262182305,-0.101750388681,-1.01212286677,0.324530276285,-1.62671234083,0
-1.22178133203,0.218199808567,1.04177760919,-0.863821637342,-0.696150002267,1
-0.907920560688,0.108098048842,0.269174404284,-0.464672905816,-1.26037297657,1
-1.52132698846,0.272437195133,1.3041153762,-1.07803606126,-0.856637900493,1
0.147309231992,0.0597566488183,0.678504565178,-0.178083617227,1.26713991312,1
-0.476300721347,0.156435251133,1.07296213216,-0.570804650609,0.709822585508,1
-1.92455063313,0.301375351606,1.2454869139,-1.22186861217,-1.6785647236,0
-0.856847888174,0.128169166097,0.498371971615,-0.52429430656,-0.829942025928,1
-0.740059985533,0.164746339711,0.93540566755,-0.630069122829,0.026202173886,1
-0.0786621878569,0.0722559530081,0.610910977542,-0.246496653725,0.755407823999,1
-1.33559246612,0.158910576354,0.394972076557,-0.683205505108,-1.85553116297,1
-0.289838113667,0.135841489093,1.03269231633,-0.48064209681,0.990757972651,1
0.319328026934,0.0583855274156,0.806048420592,-0.152711107506,1.76865213308,1
-0.929225950981,0.213083358033,1.23267730167,-0.811538707163,0.118498931191,1
-0.913825753277,0.107650986138,0.260179268631,-0.463923498182,-1.28438251407,1
0.0112240750302,-0.0054124416131,-0.0414108945017,0.0191112671508,-0.0404562141113,1
-0.245290674056,-0.148452906488,-1.58714655178,0.457055817044,-2.78291888546,0
0.134002066183,0.0863628173722,0.916230570869,-0.266948651894,1.59266270834,1
0.638013425542,0.0528670463362,1.01451203087,-0.0959386576662,2.65681812634,1
-0.485513787521,0.181239829867,1.29719621049,-0.653264840756,1.02296218788,1
-0.828878507843,0.176757564482,0.975158328681,-0.680236743251,-0.0773481930872,1
-2.58427916835,0.464073151483,2.22729730514,-1.83547091309,-1.4375204265,1
-0.337583911761,0.0976858643386,0.63724416762,-0.36131210158,0.321767980445,1
0.904335275017,-0.0186052158892,0.56403926549,0.170762364521,2.47986064418,1
-0.928234088238,0.132567139714,0.48121685268,-0.547380074478,-0.985424847372,1
0.799320816809,-0.0322429924207,0.350936509468,0.202740432645,1.97469866956,1
-0.543215672307,0.0734021885729,0.242579761766,-0.306633643559,-0.634122581808,1
0.41698976897,0.0443949598277,0.755017994682,-0.094979381735,1.87174182247,1
-0.456626472406,0.14502619539,0.982419076668,-0.531003069122,0.612487909465,1
-0.834741496312,0.118994801177,0.430692263726,-0.491525821875,-0.889197219482,1
-0.614376067656,0.161548842331,1.00807977662,-0.604330537566,0.362441229295,1
-1.32131895599,0.265588371051,1.40331770511,-1.03130365581,-0.345763957909,1
0.244358310734,0.071744418498,0.869692021139,-0.205617465548,1.72552233589,1
-1.26001092796,0.160525047682,0.47172504872,-0.679327308955,-1.60469917483,1
-0.489998674093,0.0493357992664,0.061146536948,-0.22125390256,-0.804000416511,1
-1.97205066849,0.264096941939,0.858435182666,-1.10538545819,-2.33475146208,1
-0.686928423331,0.104132126347,0.412433369065,-0.424847823751,-0.646387793559,1
-1.50726938043,0.313939019158,1.70334032227,-1.21242769911,-0.243552709411,1
1.15435848221,-0.116708238434,-0.148545373979,0.522816110557,1.88748379719,0
-2.33490688506,0.387984257306,1.71986139584,-1.555687484,-1.7292195946,1
0.432317128415,0.0628842435262,0.940270881065,-0.153751491834,2.17229529786,1
-0.0791032789514,-0.129975284456,-1.27891221546,0.41663029343,-2.02616945515,0
-1.53643258122,0.306128812103,1.60657393591,-1.19035478912,-0.439145781883,1
2.06353255003,-0.41959960722,-2.23666722407,1.62643032501,0.473661016617,0
-1.84594264262,0.299465241002,1.29177878027,-1.20606490243,-1.46703301653,1
-0.86694216164,0.103481416845,0.259476108582,-0.444560372337,-1.19988077516,1
-0.2600081123,0.0205689641519,-0.0199694552481,-0.0990067015818,-0.503753732612,1
0.0832723163519,0.0923841527554,0.931096760869,-0.292851076069,1.52198400824,1
-0.221030688643,0.126985792829,1.00609447544,-0.443250999717,1.07715585614,1
-0.937660761678,0.166003282981,0.78592206997,-0.65817183037,-0.554266033952,1
-1.40550632168,0.192632276819,0.652992302022,-0.802274406269,-1.60342215277,1
-0.872749059954,0.122829848889,0.435512129884,-0.508714752171,-0.951447648558,1
-0.000540020214821,-0.0523161007433,-0.489234302527,0.171495578771,-0.720867029969,1
-1.52670444186,0.257757761896,1.16257661256,-1.0305501426,-1.07471538248,1
-1.08588017002,0.199199638992,0.975142535969,-0.785021106603,-0.546256097021,1
-1.36351983865,0.255620311074,1.27575255452,-1.00373671102,-0.610462241229,1
-1.43682131648,0.26873008075,1.33842974965,-1.05562366374,-0.651970447277,1
-1.56505023862,0.275513484157,1.29718252782,-1.09343043535,-0.946609752271,1
0.123801436729,0.0968750201105,1.0061240127,-0.30265945085,1.70632558378,1
-1.2336415049,0.240354589456,1.23909456621,-0.937913550838,-0.427446979928,1
-0.218301688138,0.119732568453,0.94055365444,-0.419134181624,0.985694989266,1
-0.344685851132,0.051097795964,0.196173317719,-0.209396913995,-0.340200977944,1
-0.7056708965,0.0770120204521,0.143755516907,-0.338186963126,-1.0759272678,1
-1.14282265687,0.265087841398,1.5442807264,-1.00799998439,0.187311669941,1
0.868023049068,0.0206010198728,0.900718355384,0.0377858167902,2.90901614512,1
-1.24685620988,0.229470274774,1.12661930542,-0.903824158967,-0.617057702799,1
-1.8439737442,0.318294201811,1.46930580197,-1.26757210188,-1.20221947222,1
-0.914759936317,0.144956502354,0.607965591031,-0.58637351034,-0.774338128953,1
-2.30382419857,0.40440003831,1.89859653188,-1.60574785662,-1.40951195323,1
-0.661895831288,0.0829470019638,0.234923693647,-0.352337119807,-0.861913156371,1
-0.894968621241,0.176189593524,0.915927183048,-0.686394869157,-0.28508120652,1
2.23915526531,-0.438122125888,-2.26642977483,1.70848508654,0.750280518927,0
-2.53405902057,0.515138582142,2.74538172834,-1.99683597682,-0.583563486711,1
-0.433765054335,0.0649987798262,0.253369459504,-0.265793291048,-0.418559804547,1
-0.415950881966,0.133983536783,0.912434810132,-0.48985430159,0.583720111235,1
-0.720406420693,0.183478133721,1.12645420514,-0.689111473854,0.343176547796,1
-0.8408358051,0.202560589162,1.20648188514,-0.766304194208,0.241216501742,1
-1.53050999177,0.2556592805,1.13986528452,-1.02413039619,-1.11507687802,1
-1.43752097206,0.268170579723,1.33263141879,-1.05387379218,-0.661778858412,1
-0.591207315036,0.120299258214,0.641585430366,-0.466248290726,-0.134565314278,1
0.25329847749,0.080758483525,0.961205682975,-0.234092471727,1.87649055281,1
-2.19523841735,0.421892161624,2.15062470103,-1.64993213734,-0.84055766796,1
-0.247265909754,0.121985067785,0.937966323995,-0.430035934792,0.929044325728,1
0.789840261498,-0.0174660715646,0.48126309406,0.153131656107,2.14917045958,1
-0.617712708403,0.181442281054,1.19122338451,-0.669972377484,0.625839626862,1
-1.19906085157,0.20502234399,0.937197657736,-0.817851191395,-0.808581537708,1
-0.251722914285,-0.0925349782213,-1.06994891313,0.272902549348,-2.03362580587,0
1.12325944919,-0.140373069695,-0.395022327897,0.596646438224,1.46806791433,0
0.278544530667,0.0759272972988,0.936666382099,-0.215185621156,1.88644226347,1
-1.30880268763,0.213640662307,0.928178266023,-0.859431642836,-1.02207071604,1
0.10027325218,0.130328760655,1.2994878738,-0.415220270414,2.09506881418,1
1.93440540633,-0.213994935557,-0.421043657296,0.93651643993,2.90966781289,0
0.69173655092,0.0168378909972,0.721722648181,0.028732217298,2.32400913267,1
-0.195754029831,0.142473485036,1.17142112006,-0.490972492681,1.36654086652,1
-1.00741742345,0.227268420167,1.30141117715,-0.867545334269,0.0769812900975,1
-1.36920225642,0.283147110053,1.52830130603,-1.09469544742,-0.249217666145,1
-0.726999746761,0.168925060424,0.985103972593,-0.642187487653,0.12315818977,1
0.214057340395,0.0989557526581,1.09920647728,-0.298529395269,2.00795806712,1
-2.3725690597,0.403331788487,1.83252516532,-1.61058758885,-1.63215341518,1
0.50942832522,-0.191280202981,-1.3714917945,0.689092677669,-1.08865342755,0
1.0321886788,-0.0645447972427,0.23914066071,0.336929110962,2.23505107297,0
-1.81198424358,0.333406586279,1.63660308752,-1.31324817237,-0.89768757882,1
0.478720609179,-0.165528327027,-1.15594505175,0.600917412508,-0.827512514518,0
-2.12222885977,0.404882039562,2.0512680038,-1.58529011736,-0.853553955441,1
-0.340951956266,0.119606718268,0.839304461547,-0.433606291236,0.612943963235,1
-0.802894267992,0.181406489976,1.03979480585,-0.692328604716,0.065167626834,1
0.223386630872,-0.12488017275,-0.984499220559,0.43663191919,-1.04108132721,0
0.678440147845,0.0284403351315,0.819276388502,-0.0109295320484,2.4432956628,1
-2.11449299754,0.344537274492,1.49377371735,-1.38646163804,-1.65976298811,1
-0.853418080693,0.184033176767,1.02311254047,-0.707073905167,-0.051557197283,1
0.228501378537,0.0701005229477,0.841394907911,-0.202151003925,1.65495460996,1
-1.01953551394,0.213932451764,1.16692466611,-0.825283106019,-0.14301708636,1
0.419771234975,-0.0891067442727,-0.490030080024,0.343152678574,0.0447955977732,0
-1.06777505868,0.177747133217,0.789482392401,-0.712474291816,-0.786413220334,1
-1.1113598488,0.2182275586,1.13213247845,-0.850511909088,-0.361740094408,1
0.36117364532,0.0709781055658,0.957844794231,-0.188927796014,2.06835719037,1
-1.49348551492,0.290111091121,1.49196060012,-1.13261554558,-0.529438663478,1
-1.076565884,0.159280769496,0.60977696791,-0.652984071115,-1.06687837744,1
-0.687046497583,0.0753085114073,0.143035594212,-0.330340362373,-1.04300745662,1
1.17603461007,-0.20727705916,-0.977051324962,0.822450658647,0.707928978027,0
-2.45617087566,0.462391277387,2.31611011572,-1.81440831645,-1.07311101379,1
-0.541735546875,0.0474704211824,0.00150476978535,-0.221415511856,-0.98615098009,1
-2.06320034825,0.455552070975,2.57284513909,-1.74428956006,0.0216126712526,1
0.185547059113,0.0628788106475,0.738874364871,-0.18368164264,1.42573350923,1
-1.14940775283,0.189070377091,0.82867028428,-0.759513733615,-0.877684486902,1
-1.80076351856,0.263376820218,0.991464415209,-1.08223657555,-1.8265026506,1
0.04882776035,0.101447222232,0.987669615213,-0.326751944805,1.54238580127,1
0.866248668698,0.0163334373668,0.859398216078,0.0515652372155,2.84497854241,1
-1.15065647951,0.199994554839,0.929716920137,-0.795489128359,-0.731278061392,1
-2.30087082727,0.415145240633,2.00139958032,-1.6406263683,-1.252854577,1
-0.273474882404,0.118192103723,0.88114380077,-0.420778316334,0.797616304076,1
0.00400467267045,0.11766539531,1.10262509974,-0.385376208031,1.62975944372,1
1.4120965611,-0.195686885042,-0.676154622976,0.813091227257,1.58136356183,0
-0.908260564411,0.212802561764,1.24715997223,-0.808073531808,0.178059531992,1
-1.9166749202,0.37077306962,1.9003015611,-1.4484899827,-0.700671632158,1
-0.304669584843,0.0509607955158,0.227543564959,-0.204091279815,-0.221033994161,1
-0.872798932273,0.111241914002,0.327204396993,-0.470720284604,-1.11090760406,1
-1.50220738756,0.22582085316,0.884175162008,-0.92284591461,-1.43967458885,1
-0.297990198933,0.131482215811,0.985311776501,-0.467335990207,0.906167064974,1
-1.29891525499,0.265975452541,1.42521396924,-1.02985411025,-0.272670533984,1
0.111271939626,0.100149894918,1.02649831658,-0.31491938309,1.71344592643,1
-0.483269966057,0.157574763195,1.07792231046,-0.575387258856,0.704406235561,1
-0.0243405177756,0.0942071437198,0.860325164639,-0.311889114944,1.22151404444,1
-0.171391913361,0.00104064910091,-0.130119997588,-0.0242127078255,-0.504159164545,1
-0.982321754551,0.220108161095,1.25498845245,-0.84101896448,0.0544583597201,1
-0.386104806102,0.089389395521,0.520140179817,-0.33999383065,0.0609322362061,1
0.650302430638,-0.118089421832,-0.572721589717,0.466173306724,0.343710348179,0
-0.298831314212,0.0369045211957,0.100978211509,-0.157287759173,-0.396616473849,1
-1.09506578307,0.200160854564,0.976628485981,-0.789288002037,-0.560828221657,1
-1.45177553383,0.262846334048,1.27125590116,-1.03814382987,-0.778096233758,1
-1.24944524007,0.184452691382,0.703903820882,-0.756511404824,-1.24378419287,1
-1.35577249309,0.265417637529,1.37361104102,-1.03492504081,-0.452334191522,1
-0.924568830599,0.175750284586,0.887671145717,-0.688546511148,-0.380662305661,1
-0.511840385725,0.179938233105,1.26355476589,-0.652191482215,0.925429267632,1
1.30399147188,-0.258317142409,-1.34951992984,1.00535612692,0.393311479786,0
-1.76924730654,0.352457001054,1.84946281539,-1.37053398862,-0.506504941773,1
0.650062455604,-0.0821748920375,-0.237364947958,0.348369029915,0.836731673388,0
-0.343200641632,0.125517413151,0.89269381857,-0.453262237637,0.687400915804,1
-1.75653079329,0.277156288602,1.15629770225,-1.1220557554,-1.50325934249,1
-1.42316470393,0.237924225821,1.06175084653,-0.952944114393,-1.0341727772,1
0.0399368284601,0.110939206044,1.06909968103,-0.358958177133,1.64598474446,1
-1.37896976202,0.258053743875,1.28588234818,-1.01359170994,-0.623744289628,1
-0.697383088178,0.0710184636593,0.094519442803,-0.317526379425,-1.13325485888,1
-1.07856994214,0.162638182737,0.63951039924,-0.664237307907,-1.02678353084,1
-0.698746745511,0.189320274729,1.19871047578,-0.705641096398,0.489014563295,1
0.768453938136,0.0202425876747,0.816128612032,0.0268775421791,2.60288883345,1
2.36133495453,-0.391384166822,-1.7300637231,1.57004417278,1.76242390623,0
-1.60210899338,0.324829693069,1.72771082776,-1.25965139563,-0.380722217347,1
-0.395679021204,0.030035692798,-0.0422182455312,-0.146516107203,-0.784015348314,1
-1.3505872891,0.175086005944,0.533865818392,-0.738069646536,-1.67851372719,1
-0.659290649897,0.107235018165,0.463974283458,-0.431669077097,-0.520124609035,1
-0.816298892228,0.193329861325,1.14025869557,-0.733055910059,0.188538841031,1
-1.44199025176,0.229122173372,0.964152310817,-0.92636405271,-1.21212986258,0
-1.10247216889,0.262903979806,1.55679967916,-0.995941481142,0.279349762446,1
-0.797354558617,0.0874495454609,0.166467232192,-0.383541634855,-1.20977974601,1
-1.19357282419,0.285867462346,1.69701814855,-1.08230199361,0.319465774568,1
-1.15497974282,0.147853656918,0.43903271127,-0.625027228939,-1.46118085823,1
0.138655661809,-0.050193538466,-0.355829852945,0.181427783229,-0.270615133711,1
-0.133048272032,0.122625672591,1.03714452207,-0.418275251489,1.28336314861,1
-0.993894281478,0.183539537861,0.903882450928,-0.722503270381,-0.483288522392,1
-0.318786001106,0.0546584773726,0.250573384028,-0.217930318895,-0.212901446861,1
0.417665334931,0.0382156676578,0.6978355641,-0.074633532955,1.78883350212,1
-1.69363438027,0.277758334243,1.21324139196,-1.11639695805,-1.30471891822,1
-1.86304170564,0.32703689234,1.53543147002,-1.29855624578,-1.13970752364,1
-0.730323118607,0.185935796027,1.14132507154,-0.698374417874,0.346965781068,1
-1.07419000318,0.164178908374,0.657479226898,-0.668758288241,-0.992352428316,1
-0.113966157294,0.125094421125,1.07577981102,-0.424055260589,1.37502709951,1
0.0990597532425,-0.0996315901794,-0.850040961573,0.338745509948,-1.07006047349,0
0.588054226345,0.00778194126537,0.552515202108,0.0458466871441,1.88586713138,1
0.0727027135112,0.05467135199,0.570118923747,-0.170461545662,0.971541031385,1
-0.267807975772,0.118728942179,0.890783295387,-0.421851045516,0.822139241961,1
-0.554916769348,0.152553542672,0.972550243548,-0.567616123401,0.418641494772,1
0.848160029692,-0.00358193904907,0.658568230886,0.114678850071,2.51646641447,1
-0.516671302625,0.213010599162,1.56861097296,-0.761232556953,1.36548923548,1
-1.99845286999,0.325758192441,1.41299917779,-1.31079645476,-1.5669098507,1
0.764857350489,-0.195581990165,-1.20327293941,0.734198420683,-0.375113007097,0
0.149354729153,0.0708619101288,0.783930917924,-0.214253056149,1.42600097579,1
1.51112250026,-0.278060472037,-1.36498021307,1.09523815811,0.748461089189,0
-1.38089632429,0.201433969286,0.755307148758,-0.828151287793,-1.40797187739,1
-1.59364988601,0.278527483398,1.3020074195,-1.10678514399,-0.991688587589,1
0.713650387156,0.00620255386169,0.640235844327,0.0662683255279,2.24408623817,1
-1.00232394563,0.176497238252,0.831207689228,-0.700432354957,-0.605604935028,1
-0.993018554556,0.172371327955,0.800251462641,-0.685772883837,-0.634178199087,1
-0.766311124113,0.0619687432729,-0.0462729248536,-0.296214563968,-1.46617842118,1
-0.709067099416,0.0500230361149,-0.111175857049,-0.250093671417,-1.45724116111,1
0.425225393272,0.0040827292338,0.385097114547,0.038216703593,1.34244869099,1
-0.896206572368,0.119639071133,0.386560867415,-0.501097977258,-1.06627365604,1
-1.23519545836,0.231149769103,1.1518252542,-0.907916607954,-0.558694146927,1
-1.91169025692,0.291958538355,1.16799793995,-1.18942715702,-1.76912254188,1
-2.16168355808,0.360420981978,1.60367258277,-1.44427639837,-1.58414920423,1
-2.1840117223,0.379092850998,1.75990731304,-1.50821713067,-1.39499469948,1
0.113656686371,-0.118126520413,-1.01093063922,0.401167743073,-1.28016966522,0
-0.701325027439,0.0804353367781,0.17928574771,-0.348885691158,-1.01571766969,1
-1.97974946164,0.30269426437,1.21277154671,-1.2328926651,-1.82741068508,1
-1.06596202508,0.19216762467,0.925693543776,-0.759543635379,-0.582678109163,1
0.175340419107,0.0667623611365,0.766830852465,-0.197655714342,1.4482485432,1
-1.3984088684,0.230086600796,1.00872215693,-0.924237688552,-1.0670360337,1
-1.55742626363,0.226774120875,0.848027185367,-0.932673334215,-1.59360802495,1
-0.567470611847,0.13733927537,0.820159088695,-0.519247239093,0.171502399777,1
-1.37623757605,0.248689029527,1.20061629961,-0.982550258812,-0.744223949461,1
-0.274988233899,0.144711944635,1.12768610268,-0.507928960256,1.15762893395,1
-1.93338557315,0.322112431016,1.43202652966,-1.29094429045,-1.42020061322,1
-1.75126730832,0.338935239068,1.73779818876,-1.32400978607,-0.638009928884,1
-1.71583312193,0.26918627443,1.11503942497,-1.09098048543,-1.4897181171,1
-0.852255054824,0.121846673821,0.443047805133,-0.503003460342,-0.90296918349,1
-1.48932094789,0.267667443617,1.28566570457,-1.05851028389,-0.825392424082,1
-2.08813154934,0.394164000007,1.97894929999,-1.5460042176,-0.897758443086,1
-1.3652719738,0.252963634264,1.24950139174,-0.99523726249,-0.652286075529,1
-0.768216858087,0.197997986785,1.22310469236,-0.742528950358,0.398165130808,1
-1.38311985866,0.237893168408,1.09413424667,-0.947982432745,-0.913462853069,1
0.746581638062,0.00735873091562,0.677907518734,0.0664733837578,2.35959923022,1
1.30012831263,-0.244337029033,-1.22205461259,0.959042061333,0.573821683945,0
-0.825825829549,0.0944962681701,0.209074940641,-0.410105345235,-1.19902899618,1
-2.0766497428,0.421250839191,2.24139218238,-1.63343713917,-0.490640055623,1
-0.916176310632,0.134868563265,0.512557481311,-0.553463843969,-0.917310091051,1
-0.0648621833158,0.120367913805,1.07168479704,-0.402596292844,1.45858886809,1
-0.813296797269,0.0964683667388,0.237723166783,-0.415051962104,-1.13401618749,1
-0.662674019012,0.135520777484,0.725489914868,-0.524837673493,-0.141491274268,1
-1.09558684993,0.206654992695,1.03687860821,-0.810647580769,-0.473124084432,1
-1.87519241697,0.310724886602,1.37311297815,-1.24653860446,-1.4007186682,0
0.483587681151,-0.10516468799,-0.587991380911,0.403556529063,0.0170802605246,0
-1.88132269348,0.358244893728,1.81209451971,-1.40311577441,-0.765965426362,1
1.08180144424,-0.159843049193,-0.61075857185,0.65546335144,1.07498597717,0
-2.33036289054,0.399570773315,1.83182273664,-1.59313189283,-1.55618428683,1
0.84972306429,-0.179177592293,-0.980761264865,0.690702474561,0.107133463214,0
-0.893814766973,0.102668889422,0.229958578926,-0.445157090854,-1.29234173622,1
-0.673207812684,0.200862041699,1.32738400806,-0.74039081734,0.724945006633,1
-0.408818625917,0.0103724444366,-0.23665453876,-0.0836286885147,-1.09409027784,1
0.313569340673,0.0457351225213,0.683155980518,-0.111925283767,1.57731616961,1
-1.90209269953,0.293768932847,1.19274348912,-1.19419925806,-1.71520061748,1
-0.0381912112548,0.130885259817,1.19171073758,-0.433849227942,1.68386018837,1
-1.77996208453,0.339798790912,1.72245365336,-1.33032403931,-0.712940541413,1
-1.62198587687,0.300441082583,1.48362797149,-1.18208564808,-0.776141152464,1
0.114728398298,0.0969622950051,0.999536514562,-0.304046755112,1.68007920308,1
-0.635617930808,0.172939644617,1.09717323363,-0.64426250552,0.454782878195,1
-0.130996034943,0.130321755087,1.11072413247,-0.443264092003,1.39537575037,1
0.427524637412,0.0535549939599,0.849196614274,-0.123739534303,2.02954082145,1
-1.58386730867,0.264123878292,1.17541518225,-1.05836393507,-1.1601144659,1
-1.00267562937,0.266181584743,1.66884906112,-0.994578500695,0.626297376245,1
-1.55021193068,0.304748662451,1.58243617333,-1.18750109906,-0.499802818957,1
-1.55488708386,0.314563847796,1.67032569531,-1.22025558583,-0.379007691276,1
-1.53297078811,0.211438806878,0.724701892101,-0.8794160558,-1.73045691809,1
-1.02157208371,0.205981669388,1.09097815687,-0.799457122296,-0.258483867513,1
-1.73471210845,0.313315667019,1.51194018709,-1.23798593402,-0.940143748344,1
-1.08076648159,0.214721845377,1.12434018701,-0.835302756629,-0.317390200726,1
0.0744669242321,0.0879911007805,0.882867574807,-0.279513483592,1.434952443,1
-0.547961478823,0.199126056172,1.41335610857,-0.719498098887,1.07995298992,1
-0.971123552385,0.166037749123,0.758940977748,-0.662345893482,-0.655018176607,1
-0.700762517492,0.165178273838,0.971505032776,-0.626716439088,0.15101639298,1
-1.21348268022,0.246656840249,1.31442510015,-0.956134162471,-0.279823567315,1
-0.536341397781,0.16165915223,1.07278081366,-0.595222006628,0.600015044189,1
-0.566544006415,0.0175541510885,-0.298247264546,-0.126321307373,-1.47248147261,1
1.35382646944,-0.082719682388,0.331763362745,0.435564232475,2.9581499086,1
-1.79058999859,0.305717055988,1.39535358928,-1.21984900405,-1.21364059447,1
-0.73267191099,0.157741582676,0.875987750478,-0.606201683781,-0.0477489602193,1
-0.432565975723,0.152588632454,1.07270710585,-0.552882725762,0.789238841553,1
-0.381549317754,0.142858905495,1.02342719987,-0.514784488315,0.809803068676,1
-1.67284675507,0.273318574389,1.18872147946,-1.09931479285,-1.30287282255,1
-1.54503944944,0.241249506915,0.99337862856,-0.978639462642,-1.35713221809,1
-0.9112257069,0.22650012071,1.37271807383,-0.853352028507,0.357401751195,1
-0.510476478077,0.195571325911,1.41072889981,-0.703291836701,1.1444764099,1
0.349528197789,0.0616321317473,0.861022775926,-0.159692667799,1.90464238597,1
-1.25254518243,0.219579459201,1.02956681936,-0.872079444912,-0.770244383992,1
-1.1786500331,0.195271702919,0.862750293808,-0.783398688575,-0.880888446379,1
-1.42152139146,0.210132290283,0.803429296922,-0.861606095999,-1.41128082618,1
-0.340403349314,-0.0405735120147,-0.656825149907,0.0917421530408,-1.58752887413,0
-1.23064090125,0.200483788327,0.869026616499,-0.806800374046,-0.966507508672,1
-0.545837723768,0.153738366531,0.991027967681,-0.570399706082,0.462394659113,1
-0.816180949663,0.0729429474455,0.0155699641094,-0.338254658222,-1.46616456946,1
-0.960213378529,0.217468517792,1.24836481185,-0.829679667304,0.0850474842431,1
-1.34743218698,0.214179291184,0.901691963828,-0.865886046471,-1.13152116299,1
-1.94284547833,0.32493680407,1.45069631352,-1.30135435924,-1.40998808663,1
0.784107756302,-0.0303739947832,0.355986000606,0.194765141576,1.95437337358,1
0.592139548418,0.00841420697366,0.561755827834,0.0442690808926,1.90691764575,1
0.975385453063,-0.0541851297884,0.289584750541,0.296062841771,2.20564262122,1
-0.897447946192,0.179400421664,0.943903275721,-0.697225085119,-0.248439285424,1
-0.679637893842,0.143809318089,0.789089198272,-0.554077163966,-0.0788579796294,1
-0.325996680437,0.0362745397085,0.0729273529423,-0.158518633214,-0.487453433096,1
-0.236766281752,0.101976333356,0.759589955838,-0.363146704904,0.685729119265,1
-0.0331156107632,0.126104475385,1.15118477744,-0.417555543027,1.63348857115,1
-0.871671633532,0.199073147124,1.14873871445,-0.75860999384,0.0999923664484,1
-1.24195223351,0.230193989181,1.13738230409,-0.905602302829,-0.592273511632,1
0.0851379482159,-0.129373936495,-1.13928532294,0.43459056535,-1.52106742261,0
0.35920215685,0.080614047556,1.04626561701,-0.220766370656,2.19486677828,1
0.225638492425,-0.249933970038,-2.15104991555,0.846996336415,-2.75348913933,0
-0.531584909928,0.125441587275,0.738278022817,-0.475875858144,0.116490230752,1
-0.18351241565,0.159736687475,1.34270089181,-0.54609837823,1.64090389635,1
-0.514222331578,0.0859813594307,0.383764381164,-0.344366115177,-0.373480383591,1
-0.666675939621,0.19075834399,1.23831383435,-0.70646487571,0.605800091868,1
-0.978183716778,0.225374453583,1.3075681884,-0.857786619238,0.139376205609,1
-0.869008123549,0.119679867733,0.409133915406,-0.497930963886,-0.983436641264,1
-1.77850835917,0.294230262233,1.29788922459,-1.18071393251,-1.33501187921,1
-0.0975299840401,0.114173025521,0.987150979398,-0.386245843856,1.27460141849,1
-1.22471439462,0.238998469886,1.23370807651,-0.932383011579,-0.419085911659,1
-2.60034073279,0.44680485007,2.05285310208,-1.78079189479,-1.72350902399,1
-0.800815069571,0.217840420352,1.38189652105,-0.811554706616,0.572345160316,1
-1.40144480518,0.212525037644,0.842165914316,-0.867016184236,-1.31765342018,1
-0.772033710618,0.167597170276,0.935953067892,-0.643298226948,-0.0313265679677,1
0.461875126833,-0.170246316333,-1.21377026132,0.614344833966,-0.943332788445,0
-2.20890096702,0.376205878413,1.71262634205,-1.50177038418,-1.50997507624,1
1.29050527121,-0.0463491666668,0.6199108007,0.308609108136,3.26661740315,1
-0.615630167661,0.094158583866,0.377423727713,-0.383488667047,-0.567823042702,1
-0.751206588635,0.0537235717025,-0.11098408837,-0.267342943394,-1.53384004431,1
-2.11035061283,0.340999906001,1.46410366226,-1.37435876392,-1.69586332687,1
-0.971308357794,0.239804810416,1.44800198837,-0.904273951705,0.358560635452,1
0.658337795053,0.014655354505,0.674080163283,0.0318361814377,2.19297169694,1
-0.526080078337,0.17126743702,1.17092428115,-0.625485313368,0.763149027904,1
0.251513949278,0.0842370654853,0.992250323602,-0.245716417135,1.91891529258,1
-0.977012455641,0.182766012789,0.910429637808,-0.717917860862,-0.442854776618,1
1.06950407692,-0.167150441742,-0.689065872908,0.677934207143,0.937325187074,0
1.13127327274,-0.299423439513,-1.87450450546,1.11919568829,-0.694289269324,0
-2.23172237613,0.406826603672,1.9800977808,-1.60495507243,-1.15804167289,1
-1.64488958827,0.353518736426,1.96084921203,-1.35892372806,-0.115722425129,1
-1.31910484002,0.207569627845,0.863050306374,-0.840773059205,-1.13669866442,1
-2.14596147876,0.353335334764,1.55029882109,-1.41913228155,-1.63400178122,1
-2.69553690508,0.477256486678,2.25969238579,-1.89220547461,-1.59283612356,1
-1.69395214735,0.280975226627,1.24303781149,-1.12698473436,-1.26145484739,1
0.925564020087,-0.0162848714663,0.603039490848,0.165729534284,2.5759779821,1
0.0318939645893,0.0941913647066,0.906060834405,-0.305012764857,1.39140816693,1
-0.962787348403,0.216002823527,1.23257054305,-0.825185566623,0.0571110134947,1
-0.615321753815,0.0888015107142,0.327623789479,-0.36588369316,-0.640538272965,1
-0.182323053331,0.107598574439,0.85654058891,-0.374976600176,0.927715248838,1
-1.51448913229,0.292655545716,1.49859628441,-1.14350861545,-0.557994498115,1
-1.4817449272,0.231367314138,0.952692032554,-0.938551202152,-1.30152314737,1
-1.24627244903,0.224439599964,1.08009359646,-0.887256132884,-0.68445272723,1
-0.997437729124,0.152543391395,0.611391686847,-0.62128709054,-0.920137664707,1
0.580819708146,0.0287336687253,0.74236611592,-0.023738663405,2.15202351463,1
-1.90787466339,0.362061702471,1.82609087776,-1.41885464473,-0.793813076252,1
-1.8471236922,0.296970798303,1.26750934702,-1.19802816426,-1.50489893051,1
-0.986492591193,0.144722101293,0.54724712865,-0.594310295638,-0.994554138996,1
-1.04455182403,0.141701138727,0.47165007067,-0.59144965665,-1.21171682956,1
-1.20669298604,0.221773628826,1.08747906137,-0.873710210702,-0.601374974712,1
-1.44066561085,0.236467946481,1.03386528785,-0.95029241838,-1.10713425968,1
-1.80447146916,0.331514806938,1.62505789261,-1.30613267806,-0.900969085873,1
-2.51365480932,0.474775568072,2.38491502273,-1.86199657903,-1.07674442916,1
-1.89663159141,0.381219724278,2.01425936961,-1.48031542787,-0.496420991454,1
-1.07531687332,0.186789926103,0.867816407859,-0.743043755787,-0.684908561296,1
-1.4552619818,0.203795586225,0.71669516731,-0.844920781569,-1.60046315834,1
-1.43266880156,0.27648571169,1.41427939435,-1.08055289322,-0.532785777511,1
-0.723495135819,0.18102802229,1.10104245147,-0.68145162591,0.300149345719,1
-1.85739063018,0.319138616446,1.46624807165,-1.27196947638,-1.23119708922,1
-0.47846756972,0.168587198922,1.18473080775,-0.610917716457,0.87033085218,1
-1.54383165898,0.307336201779,1.61181758908,-1.19521215408,-0.444929219428,1
0.00943541762463,0.113686504738,1.06988107182,-0.37166908759,1.59148645906,1
-1.21335409307,0.172843658284,0.624887310382,-0.714061682548,-1.29420650104,1
-1.46244231229,0.276365252323,1.38886099428,-1.08377117607,-0.624507625336,1
-0.0608961231527,0.0887514563645,0.7795256076,-0.298434563855,1.0359282825,1
-2.88949366295,0.492745084816,2.24614956899,-1.96653606262,-1.96662653028,1
-0.0484284542662,0.103725843354,0.929605229552,-0.346027262422,1.27950886318,1
-0.911356087849,0.188534446511,1.01789523651,-0.728866343861,-0.164938720151,1
-0.745860265156,0.205954467504,1.31568404734,-0.765907586756,0.575178950949,1
-1.03564655254,0.238023576948,1.37886466349,-0.90624079188,0.139447489695,1
-1.005901734,0.128344858298,0.378396787253,-0.54295960244,-1.27841913491,1
-1.12844535325,0.210651484315,1.04740810294,-0.827741047986,-0.517578941408,1
-0.929802357119,0.0972383797385,0.14985771654,-0.431716171134,-1.47586309586,1
-1.20623663314,0.179379683978,0.691761253082,-0.734631613803,-1.18281972028,1
-1.24168940559,0.238112110199,1.21157641603,-0.931536440547,-0.48262137765,1
-0.971067543641,0.232153666679,1.37671320133,-0.879154195412,0.254102395617,1
-2.0358268419,0.354768510286,1.65355065275,-1.4104662016,-1.2811380259,1
-0.305661900336,0.0291416514498,0.0228758300144,-0.132659801545,-0.524001909855,1
0.415625762278,0.014566515348,0.475215426887,0.00267202883035,1.45753893813,1
-0.808706311108,0.111146190253,0.37860478476,-0.462628108157,-0.918341435987,1
-1.41891846481,0.254158259661,1.21689138759,-1.00566534627,-0.798144851021,1
-0.54077778865,0.169707145189,1.14435412201,-0.622152331962,0.697237354716,1
-0.166530901621,0.11436691651,0.932662976821,-0.395255611758,1.06853708947,1
-1.58407063745,0.280673233654,1.32987128689,-1.11265920508,-0.933211630089,1
-2.05147181203,0.335921868364,1.46469979238,-1.35056074553,-1.58756518758,1
-0.560797201554,0.00286213078031,-0.430827074882,-0.0774440739231,-1.65708077406,1
-1.64607925829,0.315382988034,1.60357305741,-1.23400887122,-0.643605431723,1
0.658750702872,-0.0257613683887,0.296800256504,0.164425566885,1.63857806239,1
0.538499863899,0.0587129817628,0.987935535045,-0.127186283437,2.43615551466,1
-0.215999674265,0.113944224211,0.888350941682,-0.399872989909,0.913081414279,1
1.65384867618,-0.0904525908779,0.504309636962,0.497333532048,3.75941557206,1
-1.1217528363,0.200967350494,0.962389022883,-0.795171493937,-0.630469805681,1
-0.0709375307442,0.119212580115,1.05593339307,-0.399544889583,1.4243274098,1
-1.42950895539,0.269757486925,1.353995226,-1.0581054283,-0.615725711557,1
-0.392195202807,0.181716670241,1.37779229353,-0.643503426802,1.31180932107,1
-0.777007135531,0.210621407532,1.33387416071,-0.78499194387,0.545119054929,1
-1.05287413216,0.240515964272,1.38809484079,-0.916504857427,0.121598473534,1
-0.650636985167,0.0642943284926,0.0698365806712,-0.289802706069,-1.08428879363,1
-1.38796088764,0.207873957245,0.809712342028,-0.850127408355,-1.34080646757,1
-0.152591584951,0.101666086894,0.825371498439,-0.351913883586,0.936094963543,1
0.267022034145,0.0832850259949,0.996008766424,-0.240712319056,1.95273924149,1
-0.452250507046,0.132814614462,0.871895716472,-0.490426349266,0.457842463134,1
-2.8133132293,0.473849645447,2.13176539073,-1.89532667132,-1.99594986272,1
1.1031769224,-0.269504082864,-1.61788996609,1.01767084471,-0.367955030875,0
0.2749404479,0.0810342534015,0.981440438747,-0.232370343505,1.94574942372,1
-1.17287325316,0.198261247814,0.895395277304,-0.792501287208,-0.822313719378,1
-2.11077676213,0.349017035897,1.53866066897,-1.40070119734,-1.58693421196,1
-1.8531631239,0.328606574388,1.55815731745,-1.30250486918,-1.08824476835,1
-1.02607544111,0.13681673458,0.441090010207,-0.573189853456,-1.2229752125,1
0.130460490256,-0.119680359195,-1.01173764835,0.40830258043,-1.25069956735,0
-0.654758885387,0.0749293375157,0.165837196231,-0.325178512468,-0.950549252779,1
0.272924180985,0.0619917641019,0.801879753462,-0.170168664919,1.67785703244,1
-1.66220993978,0.349965674823,1.91352056161,-1.34937410467,-0.21696395174,1
-1.9688705948,0.313281490982,1.32056522125,-1.26629128766,-1.64895026454,1
-0.507612545325,0.162944255139,1.10822821303,-0.595949739485,0.704588103042,1
-0.422406593628,0.139219536443,0.956087817476,-0.507808271881,0.636175076158,1
0.550045371418,0.0439203441563,0.859146952735,-0.0772753644889,2.2677141976,1
-0.544629389733,0.137068312881,0.836264177339,-0.515586660795,0.236872654406,1
-0.0083809509645,0.0941403814706,0.872723201662,-0.309733330437,1.26887439125,1
-2.47695644418,0.473482925299,2.40278085049,-1.85330388634,-0.98350178637,1
0.997903515674,-0.0296308112761,0.537370833567,0.218274217933,2.61132933256,1
1.14918863326,-0.0594033019165,0.382641214324,0.334267605698,2.65966401884,1
-0.645397210705,0.18435935565,1.1958893905,-0.682898177598,0.582196629138,1
-1.4116854087,0.256851994062,1.24796080047,-1.01362115493,-0.73923159927,1
-1.12749863122,0.131734772626,0.310855146213,-0.568833183986,-1.59964950867,1
0.253618848381,0.0707256740367,0.867729706743,-0.201152821775,1.73953021172,1
0.283768202471,-0.111644183884,-0.811567467833,0.400554802155,-0.676458929243,0
-2.11491707905,0.370745257325,1.73829106538,-1.47245740665,-1.30074265817,1
-0.060914651935,0.0876252461873,0.768988214021,-0.294743611529,1.02038927353,1
-0.339539424071,0.0331729325988,0.0328989224474,-0.149991022796,-0.571061054214,1
-2.16853150074,0.353752733735,1.53578317954,-1.4232401588,-1.69653846153,1
-1.47957931717,0.289146801494,1.49429756989,-1.12776568012,-0.500628885601,1
0.374709029041,-0.159025271247,-1.18005206108,0.566969001691,-1.05274778504,0
-0.438023504512,0.149460501146,1.03902778279,-0.543286913991,0.729724595137,1
-1.28557457442,0.221915772041,1.02444569321,-0.883749397474,-0.838040058946,1
-0.16600363211,0.113075561525,0.921027951776,-0.390956859168,1.05237875263,1
-0.555435026518,0.166725664976,1.10453870392,-0.614153910604,0.611909839556,1
-1.72905398324,0.217504832725,0.62138818521,-0.923105099659,-2.24021989213,1
-2.0599096266,0.295664136934,1.08168383445,-1.21956686553,-2.16654674193,1
-1.34421247261,0.242180360654,1.16593533214,-0.957319705491,-0.736827167183,1
-1.43336862315,0.240510300438,1.07758712893,-0.962663020299,-1.02948700521,1
-0.176080773781,0.0196712243737,0.0401212626698,-0.085877322381,-0.26221291969,1
0.258763014273,-0.0177882895548,0.0449336235773,0.0897368812876,0.538215545693,0
0.566438046899,0.0252270976848,0.697869580219,-0.0139848584742,2.0603107619,1
0.113868102914,0.0731102067644,0.775982531313,-0.225932585078,1.34956205836,1
1.36883186852,-0.143840842115,-0.227053450104,0.637820986102,2.16325769938,0
0.201342142661,-0.144302547269,-1.18395072243,0.497648741119,-1.3747823096,0
-1.19544537358,0.25533859924,1.41025657871,-0.982415404478,-0.105904711337,1
1.04345983362,-0.128944886962,-0.353358329721,0.549485330625,1.38378444998,0
-0.139650258899,0.117786242837,0.986542603667,-0.40320643963,1.19686022159,1
-1.08918262855,0.144694296424,0.463200023498,-0.60668155732,-1.30557693766,1
0.527181668494,0.0323746425681,0.732619444736,-0.0421880753108,2.03982231503,1
-1.1201096535,0.209973965348,1.04787928882,-0.824507629165,-0.501677614914,1
1.47042217689,-0.229657230815,-0.945953091517,0.931569168885,1.29078143137,0
-1.56725419598,0.266028079994,1.20676134376,-1.06259225335,-1.08368062291,1
0.749196154048,-0.290990798444,-2.10746373656,1.04517357534,-1.73415376896,0
0.189018008651,0.118308749903,1.25959293715,-0.365032790175,2.19827524892,1
-1.58941198415,0.243211340599,0.975503563903,-0.99045798064,-1.46438953093,1
-0.222968824445,0.125852068416,0.993920621246,-0.439768368954,1.055706672,1
0.455816742522,0.0409752780571,0.75474750377,-0.0790531249004,1.94218137695,1
-2.02027739497,0.351018810931,1.63120407476,-1.3962826683,-1.28565073939,1
1.12010537185,-0.0192855688411,0.733734789136,0.199179274398,3.12321848172,1
-1.7056310381,0.306093997561,1.46819548691,-1.21077451253,-0.951454976202,1
-1.03728404143,0.209999454242,1.11569688347,-0.814539515401,-0.250777157292,1
-0.764386100552,0.19723948387,1.21914354555,-0.739576678341,0.399325513213,1
-2.1506284797,0.410157947523,2.07738930436,-1.60603806803,-0.866931339303,1
-2.34297561443,0.389337288756,1.72591940704,-1.5611037234,-1.73502648899,1
1.50347354414,-0.0937924189634,0.350410583885,0.49003639306,3.25861071627,1
